Feature1,Feature2,Feature3,Feature4,Species
-2.1822702492885875,8.795185599389457,5.469284417411591,-0.23796562506715313,0
3.6986932620723785,3.215944675978178,-10.741660624679911,10.535511585604615,2
-7.254823571475207,-7.1978246900321805,-7.556683961632242,7.881213976223828,1
-3.186119623358709,9.62596241703919,5.670878358724052,2.904449803056931,0
2.279499205220103,3.920786381390696,-9.580429929389222,9.072585991091383,2
-2.1380517496814413,8.4103009414825,4.726468623701002,1.8174924485486526,0
-7.430164040642854,-8.100822019190105,-9.346467954283321,7.175742596681232,1
-2.281737688448621,10.321428882480749,3.032395601666874,2.157803542473036,0
-5.239662661779877,-6.137982102204054,-8.762894117734417,5.721557103601535,1
2.4729036477267146,2.2916352163887446,-10.750093957996315,9.11505814649612,2
-2.2130773459881743,9.275341400378212,4.644992292870563,1.7385825505655852,0
-5.415449952398832,-5.883250819810138,-8.557691352145874,9.082143399693837,1
-0.7437433827716533,9.419267839159277,3.378994881893056,2.891031630995508,0
-3.6015103877253294,8.69787767850352,5.852976536207285,2.114886597580637,0
-3.3346948198452617,8.692900286545328,5.052810290503726,1.4094451311367573,0
-2.6944852819304583,8.884465428464896,4.683690308207211,1.8261676823122435,0
-3.1606156266671985,8.530400294144,4.319531528033782,2.3973356303426483,0
-1.7374989124044053,6.165743507568246,5.788644536600205,0.23345590516263237,0
2.52504504235499,1.6681807355908314,-10.553974917607158,11.02736340814083,2
-2.7549406871386943,8.741562558450651,1.9429921932865297,1.9188748174229198,0
-6.11354691276658,-5.653176369391639,-8.938481833115963,7.119849165321737,1
3.1110698890808477,3.7851508309959128,-9.569491064343353,8.226542695922324,2
-4.855317567864418,-8.243283597868757,-8.648621589025614,6.661540737702094,1
-2.1272621708211967,9.444327775389391,5.670162290259944,2.2119588429672454,0
-6.625887529656697,-6.412416421510513,-7.752541431696663,7.421506068969599,1
1.9293560282505873,3.921949633899159,-8.471476338553996,9.584613212983932,2
-0.7115110962032276,9.655128989465332,4.068699846445305,2.5457524652968906,0
1.2112993712353308,3.0474051057589158,-9.329648966228563,9.610936819097546,2
1.4140737274194164,4.524567183665432,-9.277200122940755,7.508547751143733,2
-8.37615644624135,-7.530133527682845,-8.92176572642637,5.873877695800173,1
-7.03975998671791,-6.208769516825481,-8.625131128398321,6.571553583759884,1
-7.353466538222186,-6.894561864154226,-8.292043508632311,7.329945185309641,1
1.7214404877233493,2.951974620502104,-9.199331384731767,9.649670652180397,2
-0.06472678373789309,3.5768338252637095,-9.619369046954853,8.488513626258053,2
1.8455260717483934,2.6128332570571624,-10.079463861226056,9.113321549870216,2
1.7434168407134192,5.006609527105231,-9.637207297558056,7.993007196436311,2
-1.723397464401918,9.439743689983287,3.672902693098888,1.925458327798752,0
-7.48183925151305,-6.4113353372009225,-9.836713195824302,7.625314815318169,1
1.2798160023257916,3.6761457205530403,-8.357435600929216,11.083211321948395,2
-2.422150554814579,8.715278777732454,4.731639612763604,-0.0143992306601608,0
-5.4568790550513295,-5.953894191034355,-7.872930272044839,8.55965363730492,1
0.11449267698678467,3.301066545141407,-10.001915647505596,11.285884700580077,2
-7.138423253818372,-5.28146242277123,-8.277408308694772,7.028042597469542,1
2.3690102124690955,6.673008107505332,-11.428387858589703,9.365916432190415,2
2.09433709614792,3.949242586019757,-10.540228574106187,9.475677561758749,2
-1.8273061334264389,10.860993453934356,5.223807021554065,1.6138775931536724,0
1.5253682097461974,3.9788825815413675,-10.578267906635965,9.36318943323365,2
0.29109893141925025,5.656389783374145,-9.546984481813332,9.841199173687261,2
3.761151586717507,3.8402087898029973,-7.755753070604749,10.212348805358152,2
-7.271385340195092,-7.8025197777744495,-7.222952067166569,7.001202446287364,1
-2.5347516940441954,10.187015147457686,5.183478990822533,1.602555351854626,0
1.0699838541253786,3.4844564174623773,-10.360969559354775,10.228388855102496,2
-7.3684766129375445,-7.999727026564958,-8.697441509724806,5.555083549935851,1
-6.263856041380128,-5.67622515610713,-8.97777403231701,6.873333650647291,1
-1.3414155613929428,9.268706971499535,4.9774814983033036,1.5612927178182647,0
-1.4425229334635963,10.183581718643994,6.0220378272656285,2.621879571530375,0
-6.368835102623676,-5.849529007651889,-9.496162310488147,8.178048142565318,1
-6.137531819141963,-6.5808170128694545,-7.536586467237212,8.885034112225556,1
-6.811771680623867,-6.027335918153727,-8.353594939341535,6.47716626050783,1
-9.052296737165307,-6.032687916125525,-9.373655942589933,7.232989633194542,1
-3.7094940301085266,8.679784892357373,4.164933525067145,1.31984045136702,0
-1.5830200755211088,10.923702768668452,3.24131126240896,2.536138920631303,0
1.0271517530107963,3.9799483937852416,-11.765375160526805,9.576673707125275,2
-2.9592630945319938,9.63713606054582,3.572258406845507,1.8307901989194386,0
-6.934521191767557,-6.594555518418289,-8.317205328256673,7.96873850144876,1
3.286006912518844,3.3151355784551733,-9.044830735413859,9.5980074769586,2
-1.9494071751217104,10.095066853752943,5.473800990777005,2.4323497631691686,0
-7.663392856737667,-7.570650645592206,-9.754519672117253,6.491700707268258,1
-3.571501336778855,9.487878558833502,3.720454601994298,3.5231040889582714,0
-6.5123398777499295,-5.0419259164808246,-9.061793739007863,6.974206119380506,1
-3.4988257596230876,9.955057316186537,3.657391442689792,1.7485365339437073,0
-3.2924509153889874,8.692224611992646,5.453396053597771,0.7423053675067768,0
1.5661794073899875,4.34287817603488,-8.993280648248387,8.840773990131565,2
2.344382545631161,4.150359551972307,-10.40132448634408,10.221476958917592,2
-3.696796042082263,9.32410683842535,5.273655717160199,2.3869687813922305,0
-0.8220559879801854,9.895925885147772,4.631906194911484,3.453113822830758,0
-7.477137385842911,-5.457739731577439,-7.099428092838432,8.302380966280499,1
2.094980759193517,3.7499584113587288,-9.6775442683054,9.360626398260404,2
-6.040686690681658,-7.49736277982287,-9.396629510582041,6.223368682527008,1
-3.8868669910098412,8.0764610882832,5.154914103436761,2.486955634852941,0
-2.7545857390556208,8.260549963840832,3.750364406602578,1.1573593989752937,0
-2.6672055216317396,8.587405058250901,3.6277744609679337,0.31831301207496265,0
-2.616227983007308,7.9790438057789475,4.086229530880919,0.7752917913518835,0
-6.1642458757100265,-6.161923867568012,-8.399852017826284,7.343139573192693,1
-7.679665755548917,-6.943634167891302,-7.600889621951871,6.866221260411913,1
-1.0326572733268544,10.394377482345773,4.014316134718572,2.368973217378141,0
-2.432375731992495,7.7312939040097515,5.636145655675241,1.4794131007794196,0
2.632516404453398,4.318424516889343,-10.174841383647887,9.622413447530679,2
-5.7786675561526994,-4.921762139055353,-10.067877351088427,7.820222138735225,1
-1.48662719104311,11.454038534537595,6.02415165473862,2.537078803993092,0
2.3608531111500897,3.22352597938451,-9.371685138679332,8.372444359599609,2
-6.440125960531043,-6.101173089763833,-8.380554890484124,8.998015348846241,1
-3.244727565642517,10.250379303408758,5.73118895682237,2.582307804847909,0
-6.126285570046738,-6.498951208393169,-7.548575002553265,7.996704266768662,1
-0.19453905637924152,7.147020935606573,5.326139026602615,0.36045381275108035,0
1.4149458016519643,4.084230510697863,-9.162466455454123,9.816402799127857,2
0.3674127986358795,3.201405260641445,-9.711019047679676,9.491569417516537,2
-2.3756567182704678,8.861816291817778,5.347987512916692,2.9298720007353163,0
-3.5902609506526475,9.630221735142586,5.232980094196485,1.6636232446267418,0
1.3521850344099429,5.333169470637069,-10.764483450638732,9.885757340326604,2
-0.4484496981707631,10.769626970641525,4.390914687749028,2.9447406348950875,0
-6.90614845040033,-7.761984244503664,-9.001394720579775,6.578620270692254,1
2.1678214326324166,3.5473289909125927,-9.447327414471891,10.986823971283481,2
-7.523177023468732,-5.850148775694786,-9.17310308874255,6.919874452256707,1
-8.849731008863106,-5.987512254976638,-10.04949968591679,8.054287034565228,1
-5.692241139586519,-4.290545951257332,-8.258694583422434,7.649319232080869,1
-3.789502021723645,9.886743456478467,5.2900800141867625,1.873993820161349,0
-6.341331112101637,-5.807602255966144,-9.203280486178896,6.484313248159697,1
-7.485488011910164,-5.16073168706865,-6.845812403467892,6.556866327715356,1
3.087472200578562,5.614068301407088,-10.50463103315737,8.561276339443607,2
-2.5128001621433187,7.855921439005779,6.143277137995252,2.8505319745164033,0
-7.198681126817888,-7.676135450079435,-7.762320618037412,7.344834564170645,1
-5.783157957340387,-7.505786880772159,-10.157574951234778,7.120542278103046,1
0.15255853516875506,3.7729307807379,-9.397886224158894,9.84741576452492,2
3.631081090598549,4.9896812461055315,-8.497448443480254,8.935257531214628,2
-6.719608965298482,-6.3783268571084015,-7.7209289407335495,8.77202214539163,1
1.3034678472554453,4.90645686879819,-9.783007410200632,9.334008866131388,2
-4.866239943624647,-6.743574262193209,-9.203649307948119,7.508203221363612,1
1.5387387510176387,3.549284638766088,-9.097102448671954,9.0401676634929,2
-6.479939239398629,-7.531466487067775,-9.366944438385767,7.909886934253796,1
-6.654942465399384,-5.947518761402857,-10.256693489569042,5.562714103517927,1
-7.834749770500623,-6.456510527682486,-6.775802837392865,6.25599000124443,1
-1.901301113336211,9.20089525135468,4.193445221677573,2.1672596768390395,0
-6.8790992322946725,-6.278902844346832,-10.282182572769551,5.027341962361465,1
-6.184089433585493,-6.031007482532803,-9.132294704300193,7.251923663640636,1
4.1873563026707785,5.352000150264505,-9.375736083451736,10.425183306559617,2
-2.7617657744459105,7.766502946233472,6.272290140159736,0.5430283059800993,0
-6.028729228983298,-7.017481381675343,-8.44786290670712,7.220301162566207,1
1.8801536979236295,4.500138873842599,-8.558852632485594,10.270512423268336,2
-7.533702874278694,-8.710742490132404,-8.32712515711103,8.69718146066166,1
-6.1427832940588365,-7.16143715039416,-8.771337039411138,7.839462133202803,1
1.4144249741883579,3.6223288527719304,-10.136578909009028,10.231530955020194,2
3.6370790255740273,3.8394234014288506,-8.262878004988872,7.991382033742347,2
-5.926502145775183,-6.367024173178653,-8.113231969788012,7.839701202613662,1
-0.061812704634412796,5.886148205682018,-9.875757633484307,9.685525947642896,2
-9.899139346972095,-6.696260048522252,-7.037816575125157,8.562469268438141,1
-4.065826796576654,9.62029607954396,3.3594494837318183,3.727963865925097,0
-8.773241858105056,-6.666815885903008,-8.837122281273786,6.5064342844305125,1
1.6346003184556146,3.7478358902912663,-10.065955696687956,8.14306167126649,2
-6.803671923235183,-6.137427174916224,-8.356078803955354,6.085860493171405,1
-6.556547918035241,-7.132463095402234,-9.130139025551554,5.760332106802046,1
-3.109836312971555,8.722592378405045,4.038172223998704,3.82544786844967,0
-7.011099786822938,-6.05406242183444,-9.275091993874227,5.716945814760024,1
-7.113647050258251,-6.413751218829612,-7.8509932400469085,7.247571891856181,1
-8.07326402290775,-5.960955419665945,-7.837745438593032,6.652902706422058,1
-7.316346927191866,-6.946242207901769,-6.7386059674694945,7.076497214752706,1
-4.178602904174122,9.557646320578257,3.977255077282255,2.5437683525338914,0
-6.756422384366784,-6.328624217235479,-8.794725310263557,9.018573955929456,1
-2.383973120404843,8.58488058707307,4.762176339260385,2.51646771297712,0
-5.957825689174018,-6.3974217060667335,-8.418233266184169,7.930373508714374,1
1.242101105746713,5.492026459959949,-10.785098760510262,10.291894732628997,2
1.9483273712697977,4.085785951595079,-7.615767937294143,8.012209100840888,2
0.8226027064988675,1.8453076929520322,-8.730295918781806,8.570000770274651,2
2.3531515394797533,5.612452994052245,-8.708893072946548,8.320820966255127,2
1.6100794898397055,5.074925287938315,-9.050680211134072,9.826383291050462,2
-6.838708015755549,-7.882297049057419,-8.097503411215884,6.810309349027118,1
-6.858740702855308,-6.649408687557263,-10.098492521808591,6.707161507459226,1
4.325938986968964,2.682007332781185,-8.329076874297153,10.544637913640614,2
-1.6685540740640261,8.361662148895931,4.193695403013321,0.08362895299520101,0
-3.5304304401834634,9.722642575497675,4.8836795499993,1.4090910532040035,0
-7.836063567969279,-6.407703315395569,-7.354211728100045,7.679136264284363,1
-6.324114544809022,-7.798796104762041,-9.255694570241095,7.0284330012607965,1
-3.146584750359268,10.203302659305873,6.060383084217956,1.4024233901912557,0
-6.328150915911747,-6.5395203768754495,-8.447631835707867,5.99705078718762,1
-1.6095977476194996,9.321585649074931,5.452740955067061,2.602798525864344,0
2.3430859607968597,4.355503499526783,-10.858371202795983,9.685152897541595,2
1.7841897985521216,4.207454303174183,-10.492924489077717,10.570953888507331,2
0.930136602146086,4.996202882245791,-8.674538492698366,7.8524672565491525,2
-7.187661475337011,-6.100449061006607,-7.528019010516402,8.71920672628866,1
-7.239395836940356,-8.206157279357985,-9.251792917759285,7.583803422081589,1
-5.99273980105397,-7.300871386957,-11.442541613263145,7.522471062295198,1
-2.2531678887388744,9.996977112143835,6.305353280690678,2.9875397489588624,0
-1.3599242967670744,8.311109703072434,4.60489034573114,3.743970319576242,0
-6.619184927817714,-7.418951449468685,-9.846882440712218,5.360897223826124,1
2.504366962199562,4.530184703238429,-9.1945128158677,7.470524463894276,2
1.7201196478815541,1.5583144680936103,-9.949620676051241,9.334012881951066,2
-3.227641844305186,8.800838976486475,4.950786401826106,3.448525900890284,0
-0.21593099846079644,2.0407514032858427,-10.195175291941126,9.855883629293437,2
3.318363296645572,3.054294739118457,-9.953816051069216,9.246897823007364,2
0.5078299256834087,4.4830447672601474,-7.83337704243671,9.416598674023325,2
-7.179303839158057,-6.930314210317691,-6.217534665606035,6.21155588972454,1
-1.9872560574358524,9.311270801431508,4.890371686573978,2.319617893437708,0
-7.589207045900443,-8.138614503951281,-9.055344807060381,7.015040127042884,1
1.8829030342009414,4.9011047076455805,-11.497666201591244,10.716499368092556,2
-3.5743112861281228,8.709061423843654,4.030366634068818,1.786198380955286,0
0.0711983708255508,4.305039492426069,-11.406289339471106,10.157909338724055,2
-3.3489194652335263,8.4148934827543,2.5159831119182945,1.447414662259971,0
2.093553984775068,2.8679439307168133,-10.284004991281016,8.480070059823312,2
-1.7707310430573397,9.185654409388292,4.524230553839861,1.6720659883514433,0
-8.023353398471931,-6.7715498874994235,-8.871557747280471,7.115406058226164,1
3.20294114731632,3.534138109969606,-9.543087405083968,9.449394945120972,2
-7.017075705778962,-5.927235046073008,-7.226049498647365,8.63843736908275,1
1.8280311028856564,3.405660055762546,-8.539602987667388,11.05360415632818,2
-7.125689679281218,-7.723356188592138,-6.667385039138196,7.147637103066367,1
1.7998253380859102,6.208313751640467,-10.263244132874503,8.995121054174856,2
-1.8767898839972292,9.98684057782505,5.261688798445298,0.4029449640502756,0
1.036496426196349,3.8772964579921116,-8.393547252207014,10.292844230813758,2
-6.773732738036036,-6.295696612803463,-6.861887172120525,5.759281303787652,1
-2.62152567274358,8.793316528665098,5.254045536271526,2.730677393988037,0
1.911634866306846,3.2648093286057005,-8.746326418631824,9.02898984279244,2
-0.914692559827778,8.167324779879994,3.648486486771794,-0.1802204296629828,0
-6.899046797039003,-7.183289376110222,-8.03838585469396,5.7072123070621155,1
-8.39750093783208,-7.237138794082556,-7.947944593116224,7.898727931605269,1
1.1412318982028835,3.449230792271858,-8.40157549390662,10.834532448945865,2
-2.300334028047995,7.054616004318546,3.3116927873296707,2.1700309198098555,0
-6.614264841751641,-7.462868250887529,-11.277144914912439,7.189243753312399,1
1.8719797745923037,3.8347553427345447,-10.630887808754528,8.225963289803246,2
-3.0319206435717896,10.06329535403521,3.9355351456853422,0.5647083875771723,0
1.5350973136692485,3.8095302381044,-10.358306180281408,8.102080378989992,2
1.505870590976604,3.964984972492812,-9.79416954496429,8.651618696699646,2
1.2402967423531388,3.401748438440622,-11.359378667172042,9.869739423658093,2
-2.554783639408248,9.257625577521013,4.398642778371771,2.325225080455029,0
1.4405182014721216,2.9875715915119363,-9.786247843068633,11.466103381403439,2
2.275465472902157,4.981795568533365,-9.621922678787664,9.852937955381021,2
-2.404996519100874,8.9516930002988,3.885914247361425,1.692494607073958,0
-3.1329665837485554,10.928317482065108,4.449196435464755,2.190602557120455,0
-1.7522090064073983,8.092120804020697,5.5094847563337614,3.328807542745683,0
-6.9468054812006255,-7.595869582386698,-8.15627569092339,8.810769070834631,1
-0.9586971302386733,8.01593208745953,5.624201234704685,1.759180839715223,0
3.415754762388607,4.8720006582186945,-9.158969291282217,9.777836691625852,2
-7.383807022158941,-6.961632266377593,-8.490651273097674,6.836294351385151,1
-6.021176074494605,-7.114730163233361,-8.800089761675983,5.874931500865159,1
-3.1826882472966185,9.293280290422123,3.8045317829683443,4.11831881171412,0
1.662260966107193,3.433374458065588,-9.214961554372552,9.710575253706457,2
-3.1481593707422526,7.691196334790823,6.28189399636447,2.982986773283366,0
-7.32290944234278,-7.764912307302848,-9.011273816559433,9.035231395641047,1
1.570350862952298,3.3721130502012344,-9.595355099564506,9.182587464671863,2
3.4511579426777432,2.687319423878803,-10.174237787401706,9.727303821950015,2
3.271805135570334,2.828674158441259,-9.937749441300907,8.625628294483645,2
-1.7815680794157704,9.066232014005621,5.372518913443681,1.8924531038321497,0
-1.6966718006585522,10.370526156769145,4.5678687146477674,2.976702581832756,0
2.735012263725507,2.278301347862325,-9.960629167021875,9.835510230278846,2
-6.223726414621509,-6.6853733985571715,-8.857036513081908,6.935004462409817,1
0.24628848081577348,5.225392543481765,-9.335741268087327,10.782729090833792,2
0.6539851960313652,6.148727555151717,-8.676947391909229,9.503950834511366,2
1.4002654293097943,4.7441891390947735,-9.091436523576354,10.467968498223737,2
-7.018083175135044,-8.104407829565313,-9.047351013922036,6.473002461289403,1
2.3240002437659113,4.336987785499507,-11.432103697564697,8.507879195220013,2
-2.109974500447471,9.661482067901062,4.156692373928728,3.5471564472307646,0
-6.507521718544407,-6.490950397608018,-8.891448409653556,8.54709179791733,1
-6.6699677758766445,-7.371745778907994,-8.0312051599987,6.349976715794234,1
1.8494984974677113,4.933371710757584,-9.147002962384706,8.66504084612989,2
-1.0622197386990173,9.210840904709896,5.671723375696736,0.48760931090376003,0
-2.2494751213312685,8.109969503093913,5.278471295005476,0.3116496216717721,0
2.48667009841075,3.610899624212421,-9.271951792547807,8.512948357115663,2
-2.598933317339977,10.454403343647794,3.9634865341688315,3.7741101168515474,0
-5.883579505345454,-7.636904681845407,-10.260138423377853,8.82485656745419,1
-6.19941108570082,-5.687602080797972,-10.616915340642528,7.64317474141768,1
-6.8476230420855035,-7.63352746362213,-8.378355613696893,6.645807545746597,1
3.7343405188820684,2.4138150460926475,-9.15354004952706,9.873627725766509,2
2.973749511922262,3.7949445355528573,-11.29218170091067,8.473731055110331,2
1.2913439591487024,4.919373405844528,-8.902802375293748,11.246805876536298,2
3.2404949466184316,5.218819861299134,-8.716113114010973,9.083110312045777,2
-6.366027084581553,-7.412810432937858,-10.008244592346298,4.451260702217054,1
-3.9877196134201776,8.294441919803614,4.1792400652683135,3.0302919101596477,0
-7.010884158243575,-6.803257710317179,-9.063183738444089,6.673520334675244,1
-8.756179897193144,-6.26039814730981,-9.47369014546164,6.133856256408341,1
-1.3141509941279077,7.491099223414547,4.080956988956513,2.350381559005253,0
0.9107199853506245,4.125625977214446,-10.119764665443165,7.83033761787443,2
-6.711166214881656,-5.562512057667987,-9.844870321915652,8.463401476627748,1
2.9376905104243374,3.6119112813253738,-9.705076029879198,8.762639201835484,2
-2.4606759951079233,8.183336011787283,4.91033566200794,1.9229315744915951,0
-7.555335270312882,-6.845957175787922,-9.925573695498812,6.237697786613518,1
0.5051265381924965,4.912030723442674,-10.004504518969204,8.268127704199529,2
-3.1361646808405177,10.82673468619525,5.347630771683577,1.4107029080464644,0
1.4079770907678812,3.451662563687374,-8.609420555527173,8.02645391397638,2
-2.496195731174843,10.467820205355638,4.375222002990145,4.693338850530351,0
-7.362370713333302,-7.833438201534659,-8.715657440641214,8.948201373968264,1
1.7337515389884708,3.3776980347964805,-7.853373538247142,8.541424949413093,2
3.2992656209523634,4.499475037022617,-10.795331761941167,8.322884650190648,2
3.2041913278241374,4.642359648669804,-9.79083434114878,8.869899996576907,2
-7.491396282056556,-6.917146390324358,-9.26762998115327,6.631101935624847,1
-3.0230645403894436,7.95507260630937,4.5771997389549295,2.9283120044419704,0
2.24806175797593,4.179064807854566,-10.563676141362201,10.701704975174644,2
3.945746029689129,3.386836585902327,-11.277493152051212,8.926933302537366,2
-5.755273831280768,-7.214186824255887,-8.27372183074241,6.303858576806587,1
-3.3559913411211553,7.499438903512457,4.19336388416108,2.8295684782642043,0
-4.043311793788373,10.291962950096831,4.972192848207693,1.2246831473841784,0
-2.6763157033696046,9.160999814631644,5.846387802736459,1.156234012953496,0
-7.425871639403753,-6.4883055878734,-10.317239325410139,7.5068828352778585,1
-3.038957826819789,9.527553561311677,4.736956385576142,2.9418146744736213,0
-2.2421473571834913,9.90391692382176,4.722162825503526,3.038650059006083,0
-3.8294308300733926,10.845744894052675,5.819318956949388,1.5039940318360272,0
-7.0498118136761985,-7.3333376426032215,-8.141940309179295,8.278828124069214,1
-1.7181656760097033,8.104898673403582,6.042673147164201,0.5713186211484511,0
-3.7188923658938577,9.614214858194526,6.170629668571799,3.191931535638049,0
-5.575286948273117,-8.54260158131162,-7.805781552294353,8.450228052326286,1
-2.68182492299357,9.897946065684994,5.2922017146415214,0.3967775269564826,0
-7.100880814737042,-7.156922893164867,-8.530921058826909,8.139260128038,1
-8.073552197550326,-6.73716649851224,-7.105812757150918,9.554823061691335,1
-3.159840192174577,8.527160744433626,4.047484911989232,1.1091789142609159,0
2.909804202278235,4.922298210232387,-9.528224119468787,9.786509048663335,2
-3.436128094630833,8.954760772136522,1.3986114961590288,0.9487820426064422,0
-5.982560994264138,-5.605234551997224,-8.186805765296505,6.185837245073887,1
-3.393055059253883,9.168011234143849,4.698087554674101,0.8301993861101089,0
-3.299672078498062,9.485754485334317,6.521903332703135,3.3185897300957095,0
-2.140524314179849,8.62094731587096,4.668623659162919,3.251621546548031,0
1.639483045251207,4.037722609646073,-9.985989807698555,8.214166485017326,2
-7.554805466125652,-7.024628263991464,-9.630747677635972,7.015561385859663,1
-6.9828819513003175,-8.523298404430115,-9.014182161068081,8.98499308122672,1
-3.485070876030083,10.067927924806161,3.6904799473961583,4.605551748778122,0
-3.282022837590322,8.777467521458313,4.154515288398998,2.0550438233270545,0
-5.075279081364527,-7.071013385003245,-8.118569814487829,6.0302499576275395,1
2.2651822480144506,2.0793528527319216,-9.035160957704742,8.849996745073113,2
-6.986929335155499,-6.432392667465669,-10.409203908704509,6.196755446588898,1
3.4732277831433875,5.968648199558794,-11.270968808206637,8.374168452353507,2
-0.8757660907516542,7.8679407351796335,4.942514301467135,1.2188938339213742,0
-2.7790725583461215,8.035522412416015,4.19558557615199,2.350470176985584,0
-3.9118028948524435,10.76386287138526,3.396015600836816,1.2802644861448247,0
-4.978436505398262,-6.940770407090567,-9.546734523546473,5.809808522885876,1
-8.442173048037812,-7.409162270622241,-8.044063077014183,6.069233492329454,1
1.491085940256577,4.645328207108949,-10.690602263920374,10.079556553682835,2
2.5225407043007455,3.627851249481742,-8.367488815270903,8.52142326202804,2
-2.267235351486716,7.101005883540523,2.9149610037150686,1.4108821546997592,0
-6.704415772242758,-3.8948505906725366,-8.470846091161706,7.009993229326305,1
-4.222332152143627,10.368158502363734,4.5253389909754835,3.2109859959141938,0
-2.495268331139804,8.990161041088319,4.837963596995956,1.8288092720167894,0
2.596044655868589,2.885147139382573,-10.876617731547489,9.690912525381739,2
2.255086977804339,3.4046875789049826,-11.778231819062505,10.592789263753616,2
-2.318098555032847,9.06072267635447,3.2800226952481824,2.719423249967953,0
-1.651537999850731,8.854347598234895,4.620862628325413,0.9706403193029232,0
2.6772758190858656,4.972250201512619,-10.582172788918804,9.818388586134878,2
3.222561984603005,3.69829019383551,-9.999736721199953,10.552097777495634,2
-7.815065893195865,-5.794127477100915,-9.374291201750058,8.131580713779849,1
-3.5464437773792064,8.823947450114714,3.7642605828433444,0.5903699529763959,0
0.5029541593873332,1.32929595781034,-10.03946897249295,9.949937843150806,2
-2.412201658060032,9.609443153635235,3.8216581529946287,4.065556959626193,0
-5.008662015779488,-6.490495415905043,-9.706620488512376,7.858152001621138,1
-3.2951870835606996,7.683053174640543,2.803673463124805,2.481161010853276,0
-2.961503942301827,6.590406801569365,3.055976012742378,2.7335843400850295,0
-4.202154437248136,8.915946501403571,3.651287729077184,0.8695803667249611,0
-7.92653817383321,-6.343456840748661,-7.652623601973014,8.04247622616377,1
-1.5111875131930979,6.118030750004632,6.728253541008829,1.8335800557855582,0
2.430907542565943,3.853643084782025,-10.426895912531181,8.51151612095643,2
0.8429311132315584,4.333705942331946,-8.916778942354897,10.926228402627718,2
2.5571175712100858,5.390432058409971,-10.225617861112745,9.85658374679137,2
-0.10578203781447515,8.956667331164736,4.8409778829430685,3.0238240799483442,0
1.958222470715459,4.697742465438099,-11.784437935183897,9.236073067760028,2
-6.922450572462845,-6.822086858467552,-7.989896874430726,5.076633581514098,1
-6.864008857201667,-5.9778324194892996,-9.74608393678293,8.842806839140472,1
1.9268359877751027,2.385205222454457,-9.668909863380712,8.565140986239127,2
-3.0985623799969617,9.863888225219346,4.996894322193149,1.2802600886800777,0
1.2267431669232933,4.585845493781921,-8.308791444323791,7.181378203885822,2
-8.330802881202828,-6.892198541122001,-10.09072120104913,7.687154798123671,1
-1.9898511088115778,10.5470250412009,4.531118687771244,2.3748814060396732,0
-5.683055689486778,-7.038639166302916,-8.865632296145943,6.390254956425507,1
2.790507451495913,4.3768480613771965,-9.080041474409361,13.324434749676213,2
-3.272456779595267,7.209404027533802,3.0123363983449387,2.021254630602114,0
-5.160167431445762,10.105792980120784,5.885964028725731,-0.10022054846741746,0
-5.641344119717634,-6.858838016539885,-8.529494744037047,9.02573786013394,1
3.000115784550376,2.0558046140805843,-8.434719770767025,10.78454644050273,2
-2.4115215245039185,8.241276344342856,4.664389010487044,2.471167975186182,0
-6.906032948110197,-6.59994843445634,-9.647931276557657,7.7475839599627925,1
-7.0745354715039515,-5.746339496408882,-8.244771034355148,4.3831342808344225,1
-6.978215323435532,-6.861259970331099,-8.130113333379454,7.556739046762205,1
-6.450810690820697,-6.187003986012803,-8.661886201358785,6.956495076415381,1
2.2863203161978456,5.433805056027676,-8.855818011304148,9.686920706064909,2
1.3154076668768266,5.017007214941621,-7.93882921976003,10.468807603219073,2
-3.317691225945938,8.512529084613785,5.5552809539301755,2.3019207936004165,0
-7.502276552885722,-6.685502138038704,-9.58079834233406,6.003500404277998,1
-0.37616424839648355,7.062198328675819,4.488093741192518,2.5614868904253085,0
-6.209146573910058,-7.951966826316102,-10.392086522652075,8.141412573523732,1
-7.158590121483079,-7.159869761771781,-8.047955860584299,7.663574210067593,1
-7.4596804325213135,-6.6407050927405695,-8.338642646333076,7.7955251864179775,1
2.660960403507278,5.219569881008059,-9.22069027387424,9.546286463038163,2
-2.409546257965109,8.510810474082122,3.0892154051619687,2.0417326587467595,0
-6.2067659551844505,-6.288295459534568,-9.192368467577035,6.749921142601802,1
-6.71977079915387,-7.907784734201905,-7.57261991577131,6.457348067284203,1
-4.805544521401297,-7.79949418486237,-11.36861527938234,7.037518693618592,1
-3.0396987706632776,8.438467887553642,4.364827139076457,-0.32875148079485284,0
1.0977361204860756,2.5638523863254767,-9.915327431693722,9.184740263889449,2
-7.486327485916567,-6.668825900996474,-7.6382488002091495,6.831620467992498,1
1.4661814881033952,4.031391262367289,-7.91924058825762,8.455639037448009,2
-4.823083626321729,-8.010998028601863,-8.364695679824555,6.397141785517165,1
2.544550870881954,4.063536309478005,-7.31587539363707,10.287234165519777,2
2.6870029801972857,3.608530718553607,-8.586485260402014,8.900626204854678,2
1.5644518486816863,4.002089323775002,-9.958892876484734,8.05014993129972,2
2.4091087555533783,5.252431981106875,-7.576039668383186,10.421906589346868,2
3.689524346415313,5.684690177633167,-8.852688116838204,11.179995952010946,2
-2.2493148288043265,9.796108999975631,3.4029281253500194,0.6527130708564557,0
-2.1830646008106322,7.763172551813018,5.563905855435002,1.788267547497743,0
2.701443010302371,3.8594060564310446,-9.917757900431042,10.130067747528182,2
2.339753496114351,3.8285911515383977,-9.6816969729839,8.868864930791515,2
-6.101266114984632,-7.43129530960448,-9.656526640058317,7.320148458087751,1
2.074558725361659,3.100846489524308,-10.305326263211887,8.113612777539917,2
2.801649238769508,4.122432036543365,-10.006219659849842,7.372389170128509,2
3.1261775781804335,4.636619302416291,-9.590713955002805,8.808925391450579,2
-3.2655483683370536,7.592032418600647,3.9933059519855747,0.891621680326337,0
3.1040669625370043,2.8492323624895026,-8.966240123777903,10.727130362775295,2
-4.065779521712502,8.586170967232409,6.140638626862412,2.8233914260542248,0
2.034799556771426,7.029854611587677,-11.256909372962147,10.456925573123765,2
-0.8366252362150468,9.433305137564366,3.9348669804696925,1.917400606283026,0
-7.503972580864494,-7.064634950931796,-9.443072421174223,5.1179568583996335,1
2.8051739698127482,3.73032598634581,-9.180257267247196,9.948994615513548,2
-3.4838792932800717,9.801370731940773,5.798474415235505,1.1524873655890215,0
3.9848874253949704,4.165147227768756,-8.576847078675595,10.739672958770766,2
1.9698957842867062,5.8655570721764,-8.341418398549232,9.336193033873855,2
-5.07032084141816,-7.09815548866832,-9.685961685255094,6.671434026905643,1
-1.8506533503799196,11.02449066696467,4.462931608734052,1.1748724394022783,0
-6.416420899052147,-8.247247399736192,-7.990153543969342,6.0909996007301945,1
-7.665613223786252,-8.261154196429722,-8.534509161031135,8.045085420624847,1
3.1924989440607794,4.295748053168702,-9.508712251707914,9.952254814355793,2
-2.778604457497308,9.731828383994284,6.142235888324129,2.047264464360507,0
1.572287376868362,5.418600772783481,-10.123645201100175,9.756650661449505,2
-3.2112507169301026,8.686623981600553,4.247770683095943,0.5096547358086134,0
-7.613800989929766,-6.798114036862386,-8.381047352020769,8.779345237645469,1
-8.226753480680966,-7.851723631786598,-7.637913848691585,6.6666286365273075,1
-0.8314968089763095,8.460697886490326,5.208861915413377,3.60156630706927,0
-2.949242109749734,9.145026705484414,6.081152125294217,0.5373075327612926,0
3.877803549658439,4.385686300456201,-9.93473662009085,7.786629684137058,2
-1.6837812740647204,9.82779576419896,5.9453576433824304,1.9941735255734911,0
-1.109842186466748,9.93891981111109,4.699509206148275,1.326232906235158,0
3.2618842413057374,3.765221877819149,-8.519930780389934,10.002317932828404,2
-6.338164462946482,-6.1209544329733,-9.41483815736273,4.732480623353793,1
2.1975870137980995,2.8247261170449782,-10.000133483047609,9.530125010011844,2
-2.5493555736970936,7.583511026080274,4.76798325113889,1.2921180264658512,0
2.165349004743128,5.011063544437122,-8.895452529846514,9.980768362048691,2
-2.4305624327366595,7.0160854436662135,5.556206510930583,2.319658159838725,0
-7.774973513514294,-7.288210432436167,-9.83414315142624,7.97465915732236,1
-0.9160109964133532,8.503070451767137,3.6502740159695204,1.8473827638410838,0
-4.379989544078606,8.662772644157013,4.658297215417653,3.649606996216015,0
-2.3486236420028854,9.017332148351736,5.076817005974451,3.1638159587270733,0
-3.2276048886219475,9.909210505142763,4.344929157936074,3.220911756614466,0
0.8689678316584306,2.4741072088101985,-11.382202611951842,8.042749540127597,2
-6.175120651326547,-6.091052905900428,-8.75450112870665,8.733982060702207,1
-6.324022725147822,-6.790528912020698,-9.035666176943337,7.172249631845191,1
-3.2245013323127183,9.693883877132997,3.909512204510965,2.189628273522707,0
-1.9144432813874643,9.867701686978629,5.398807426014867,2.254361107910108,0
2.4463670963826267,4.200898604161648,-11.024219637952479,8.082381226812378,2
-5.926490557238025,-6.5929854280741225,-9.450765131276448,7.685026440704805,1
1.8354040767021909,2.530978312205769,-8.382315597537135,10.175604396004397,2
4.108347284401289,3.146692062735057,-9.949772880777937,9.81464308134134,2
-3.177288076695799,10.006328477734844,4.4649190795326925,1.2174245244478872,0
1.6831779555941369,4.531512671189864,-9.712042794183708,9.856002653165671,2
-2.22922899673293,7.888797080899945,7.085630815844928,2.1023908659159596,0
-6.3789614697700605,-6.830335906094986,-8.831264598007834,6.663201776025256,1
-3.9245683651031644,8.593640805432962,4.297164319701332,1.170892414719113,0
2.9037077637877466,4.88258691846649,-10.504584214647675,10.753639844345383,2
2.357358263948293,4.477607513103687,-9.119042524275425,7.86262492003278,2
-2.954700144453522,10.467670605316023,6.219450981958814,1.4503096567874638,0
-9.515374930168148,-6.876734086678786,-8.510506583792925,8.247793055036533,1
-6.714866349914753,-6.8292218914199285,-8.664986092265602,7.567476113407204,1
3.976457668614462,3.6557048516589723,-10.647217701140551,10.879860445702485,2
-8.746167142511887,-5.8725959034390245,-9.522957582396014,8.114148514661473,1
-1.6735055109876082,7.884579273540703,5.169683014143384,3.4147383045986324,0
-1.5551958595595479,9.66567737950412,4.324609591587755,2.7321389044339996,0
-9.015301405129966,-3.742361059615953,-7.782270947569959,7.5467618296278625,1
-7.1028294457860754,-5.390246154673864,-10.439231735112525,6.495025890718457,1
2.2716088305059046,5.206540030005662,-9.44342228098706,9.422100086524841,2
-2.9968038471252436,8.5817279403787,5.034330978606398,1.552185203120469,0
-7.208245666900255,-6.276922162193603,-9.382441758750202,7.160730009426409,1
-5.206175100852733,-5.539648541485599,-10.137908993563608,8.153255333377878,1
-6.791220304859423,-5.402579512220685,-9.980016870769516,7.129863456218985,1
-2.857849757460609,8.665028423879892,4.3182437850107185,4.049917667501573,0
-0.5072598428301274,3.8648440968511104,-9.34698817916717,8.247182959620378,2
-7.969260228493658,-7.66487150140365,-9.20883585522604,5.917955896320061,1
-4.591127030936472,10.71074249648836,4.85089630343072,1.8764565720703397,0
-1.636876986332072,9.197628133936673,6.829681769445774,1.1648713985855805,0
-2.7226404939829583,10.505012265048274,4.788546293430213,1.6360837128226926,0
-1.3460338708977906,9.024519189217909,3.6583701851801504,2.435273158204003,0
3.018870745443623,3.694956176692711,-8.947830318883128,9.207693937242075,2
-5.755514471165257,-5.9325831311530886,-9.61120542445962,7.730575202623238,1
-8.251528334082627,-8.493670991152687,-7.367157429142402,7.114199238346837,1
1.0857938600745798,3.4936719994520224,-9.296117385757578,9.21086802483351,2
-3.5220287433871738,9.328533460793595,3.7318547607068906,0.5608659826054405,0
-8.460817893183403,-5.985071279199831,-9.32138880831945,7.470315927484252,1
1.5677525161207315,3.942798278485873,-9.679709671593066,9.317318545374425,2
3.6121392130448595,4.735522776814911,-8.188715468938158,8.05606929475477,2
-6.220381522718865,-5.9425394556493885,-10.445887621004985,6.560798136932489,1
-1.423302057221172,9.488984361078275,4.614851877482957,2.790935983141019,0
-8.055221796776122,-7.775179435552551,-8.241099538382626,6.375174911274502,1
-6.865354123314836,-7.834049012672591,-9.245364069562791,8.009841372455403,1
2.3179247236112706,2.6448090065001177,-8.111375687965676,8.23041749197195,2
-5.662468670325774,-5.358793541353496,-7.84001685848805,6.891902602780655,1
1.197786073336502,3.5528618326812085,-10.117287822147967,8.341639400479632,2
-8.48728821826933,-6.695369014380222,-6.8147215374063705,7.330322760058701,1
-1.950870710531028,9.090291519610734,5.17863482867447,1.0524960908613656,0
-0.055511584992021135,3.841153751384267,-7.944931958279417,9.75884493467568,2
-6.903179342025508,-7.054463851178783,-8.613019834595068,6.953995986665345,1
1.9767879895629334,3.7372152225228654,-10.15814304232271,9.727705778812895,2
-2.637115214533517,8.058745687597895,3.033432515970529,2.176633319807955,0
2.346357263085736,3.0137601661052416,-9.50310066445005,6.407061072339163,2
-5.299086504582896,-7.895203785103815,-9.649185267846349,6.065945056584087,1
1.670885999150443,5.724864914753017,-10.406738780025952,10.930564767918002,2
-0.18986808307105596,9.407603967592694,4.831927952718133,1.6640532197382307,0
-1.1189900740354368,9.572096434550184,4.650231456071482,0.6613334515905724,0
-6.794309048586246,-7.688375314916873,-9.668772163192575,7.84603702076446,1
-7.996151631099929,-5.644297973269008,-8.994225934572677,6.775235619008102,1
-2.431829315405132,8.153001926870058,6.163002913497759,2.5120797276253906,0
-7.648769540938568,-7.820012694384811,-8.008852914704262,7.1296967767259,1
1.637278423151312,4.544440540661837,-9.447052973996488,7.267630563432686,2
-7.5377436802265265,-7.183835622052611,-10.184198680109226,6.504265055777205,1
-3.3381926339748222,8.454105088001352,5.387172441351363,2.583539949374197,0
-8.682766867407215,-8.464245536281437,-8.571201105624526,7.832247938728637,1
3.2751428692916593,3.7132269396207596,-10.280560443349847,7.429273900823803,2
-6.216745922483858,-5.706635735790622,-8.657306197932304,6.026690967542857,1
0.7848735966416032,4.270860027753879,-8.25966928583572,9.711381517104867,2
2.475808947418643,3.1791575216662293,-9.529325892494354,9.845069544042584,2
2.4506169272394134,4.238608052138626,-10.182121522152656,9.232565632922254,2
2.5285412241701017,5.608757255312716,-9.020206908955306,8.348541544329946,2
2.8378012573084384,4.113363048590136,-9.771460585137246,9.041523909060015,2
1.198364747892176,3.442342104471723,-7.538498018298025,9.398879862197369,2
-3.3696109883367025,8.629730583968497,5.646171645442542,1.3962778144175831,0
-1.4507731362031624,7.255546641775207,3.4566203235623263,-0.06606249381936857,0
1.4505541929081143,4.494059066245106,-8.655182041742881,9.175476342463279,2
-7.202307029993406,-7.130942609730994,-7.510133614786953,7.879752924899363,1
-1.9915386025836272,8.288542315044856,4.82664560070518,1.2177867515874095,0
-4.9808421231800395,8.217390872727846,5.2169509634086415,1.7701242978977394,0
-2.978672008987702,9.556846171784287,4.176461143415639,1.507439930370475,0
-3.888516851067277,8.283356088256403,4.6067518633543045,3.7677275474585197,0
3.9200672516101527,3.2135588386519225,-10.422633159575533,10.162226824812745,2
-5.4871618910869415,-7.1301561078749,-8.549634127356153,7.583844754269924,1
1.3132792772336852,6.114710693447477,-10.114189789979156,9.575947149507918,2
0.9174374418016555,4.381992982934776,-8.370350961778392,8.88500067872649,2
-6.766356780613505,-8.318387571593313,-7.919098822060807,6.655378829959709,1
-6.4428886394177605,-6.475814838314249,-7.602545564813856,6.252469235849654,1
-2.8449823223428785,10.683307653487715,4.380287484864496,0.4700267308226258,0
2.280052775006926,2.9196909804392845,-9.254133696839054,9.242937994415136,2
-0.6625606270050843,7.944201361872169,3.1143536653033626,1.2812616140594875,0
0.1911553565258255,2.9330077246551465,-11.663898123162484,9.312127350448993,2
1.3043813441165737,3.9309269307406582,-8.408584905723242,9.592304674193244,2
-6.685242889573934,-7.233275886086635,-8.499843913174319,7.028121505359674,1
1.0575948091134608,5.789920110693231,-9.872694763690461,10.988779115857737,2
3.60041829242636,5.146901241536128,-8.719155521587055,8.942657517216015,2
3.2599539923761736,4.541219191961805,-10.556355872594196,9.087889337854982,2
-0.8846879844574658,3.786629499299103,-10.626853934927924,7.766921227778941,2
-1.6860270390908356,9.087604095386725,3.3499179364870475,0.6780909118771159,0
-6.260472930146072,-4.822614123564248,-8.817534048960603,6.5955199742695685,1
-6.900994485499706,-7.62732127242377,-11.262568016908952,8.207568311859752,1
-2.201395854160691,7.304117735541696,3.2916934141223884,2.716433777963447,0
1.8364544826714284,4.471450539086464,-9.644898602983847,10.61716783303355,2
0.97215949526203,4.918946705258394,-8.217773970087238,10.093399943323885,2
-7.851283925692556,-8.259727758064876,-9.465044981225976,8.185916387881463,1
-8.49475900705678,-5.7153702388187755,-9.57291933343406,6.513270478484322,1
-7.207521907664188,-6.724918909416967,-8.013229491968376,6.456392699787803,1
-0.6434231119079936,9.488119049110109,3.448575339025453,2.6297232925745617,0
-6.487211223972503,-7.389073218983445,-8.863902068828004,5.554447010609585,1
1.5205160420526438,2.788986008036808,-9.265335610466282,9.337193071384503,2
-2.778086313607581,7.907760219456652,7.213238639477962,2.0323881179552203,0
-7.322671212279753,-7.35960256067519,-8.541752211495249,7.786707710766288,1
1.1295127193722916,4.675066020152006,-9.553596365331389,7.429692829801832,2
-2.4333930648590236,8.33712441668621,5.614998569645852,1.8261123024385935,0
-6.3307433558339055,-7.135065386829645,-8.96378201663891,7.65140243965806,1
-2.4489674131117236,11.477528240683608,4.447517871446979,2.2747170262743444,0
-8.605433919941866,-7.557674245611602,-7.644218353588638,6.342357384359022,1
-0.9580456475302273,9.12996076249118,5.819176020291928,2.040688165350841,0
-1.5587737848667,8.43738247253592,3.7414641648797433,2.4650888554472377,0
-5.658593495625917,-6.298011889807331,-9.064811855485843,6.3640836787752235,1
-2.2951038789225464,7.768547349486333,4.813059762079283,2.358487063669569,0
1.9829929472365444,4.0269547715191765,-9.254450147515417,10.82956382507107,2
1.4183196088949461,3.9319029005605617,-11.227794276609385,9.005725937179013,2
1.0117020149352622,3.646233162112666,-8.0581149152206,10.063124205541627,2
-3.612564229226624,6.861395535245839,5.028457440759065,4.466169201373523,0
-1.9621002418827123,8.812093475764428,4.422197633000881,3.071946535927922,0
2.162187467703303,5.157569770832038,-10.978532039237415,9.555958482533656,2
-7.801487004276583,-7.884066965357445,-8.631060427237067,7.392867252534954,1
-6.47589710081466,-6.9043051996668625,-9.74202961736614,7.647882197220306,1
-2.7682397688734532,8.817936279113344,4.568277576814038,1.9359474474308904,0
-2.8716385644558824,7.894616233572178,3.3451973605071954,3.1339964713192514,0
-0.4339367504274847,8.325098310108753,6.375842639393351,2.17108046740338,0
-3.197347968230474,11.26672193354263,5.621644323219695,1.6483383004321095,0
-5.930073055709946,-8.36500756172585,-11.392248891537966,8.257842826737978,1
-2.5586613327051833,9.689105620364925,3.5171568146658028,2.3555794301247825,0
5.265393204458909,6.4693678065370195,-9.769759183331468,9.29186004070857,2
-6.201701319812001,-7.368021001421649,-6.681019543370507,6.717807992495365,1
-9.032970111022514,-5.782956881522251,-9.317165212644415,6.460747151455583,1
0.0038123704755377297,4.306515301880291,-8.795134425865275,9.276139911118609,2
-8.230701557359291,-8.202567550019516,-8.356461694917519,7.87078771287667,1
-1.6788618065085046,8.158202302289455,4.711445073447494,1.4955122371756153,0
-2.9883718608980403,8.828627151534505,3.533543862222073,0.7769630598600612,0
0.8679375666311913,2.4096227491691895,-9.978233820643396,9.556250533160018,2
-6.196057867950793,-8.246065304476481,-7.62638377124961,7.58477344673256,1
-2.68226944733662,9.02986517577979,3.5436037493329,0.5331188013464376,0
-2.579363334511397,7.353325194682331,5.069497055360687,2.1808573711038433,0
2.980686054706218,4.213112532771989,-9.359235425878248,10.472515055955448,2
-5.966042564918021,-7.683288543956292,-7.345639187676489,7.052399314456134,1
3.222831893338048,4.301811425768956,-11.555379817671103,8.281010581532884,2
-6.528997091877711,-6.390922463128283,-8.20360628807424,8.433222757454926,1
-6.453739984958235,-6.860961815860194,-9.479814665680319,7.811395200369777,1
-7.192685221674425,-6.880818187852593,-10.088735490605728,7.92803824185407,1
-1.885077806000595,9.642631637462602,4.627632063381187,1.0759153124549004,0
-7.964777717709068,-7.705520123254901,-5.889233331327285,8.56820249623549,1
-7.9705936213664685,-7.2909238812305315,-9.944032425121947,7.108601885209968,1
-7.879958515756845,-7.557854563800798,-8.324419906977095,7.503104697438301,1
-4.467011769538354,-6.095505305377923,-8.857588136370405,7.060632086290435,1
-6.3090141939317395,-5.911924932743085,-9.169636139819334,6.711286180990953,1
-6.682334925520063,-6.568800919833062,-7.13837038205963,8.39506606773359,1
-7.081118725098788,-6.8866309085054045,-8.2395333670741,7.991863404216784,1
3.031772023460144,3.3165101173274127,-11.087326074542352,9.306352278904932,2
2.3698618486677274,4.2481492553353055,-9.232641165520722,9.589774439433976,2
-2.5450236621627016,10.578929784012328,2.020133732138357,2.795072188315956,0
3.3987966848837132,4.474583695934064,-8.901244318225034,10.864737902518488,2
-2.3398367990166724,7.600571631293342,4.528652774879401,1.0692620424759423,0
2.522164358604547,2.7621453811189673,-9.22066082109253,7.2981705355882625,2
-7.2379673431724925,-7.527651398911106,-8.094135785136073,7.1422987422806,1
-1.9326406599969839,9.325536282741858,7.718759644683339,3.0927445953753088,0
-6.819694560884942,-6.602732655317755,-7.477669160797359,6.014702516379591,1
-3.146937607304066,8.483289173196503,4.016738309803337,1.4176925647804772,0
1.65044235258551,3.432989934240566,-9.268785443300995,11.051814311732171,2
-2.5152685345926433,9.852776902649964,4.721708194775666,1.8742800307495893,0
-7.574340322240328,-7.289392031389051,-9.362416154570603,7.475877787532426,1
-1.2534414974792294,8.119678825978818,4.4530071920667424,1.533438625666557,0
-7.6013647444885235,-6.703288721136548,-9.385007841223276,7.05186780517265,1
-5.690713819676628,-6.171805746074883,-8.486879549094427,8.393673153815131,1
-4.818123614514873,-5.671743362682804,-7.814265230824548,7.916049864699886,1
-8.405283505721364,-5.617525489848765,-9.390185902528458,9.881722201166955,1
-2.548752776909405,9.695786825570947,4.668197212358563,2.002925823436477,0
3.7834883597315496,4.161137883309134,-10.770184239504752,9.847670956072193,2
-4.350071854384396,7.73470916146262,4.015060258532422,1.9992607341515658,0
-2.125132174113443,8.981591380104229,2.5724367361882248,1.8840496444279435,0
2.203362977635258,5.464729593236973,-9.002144313691169,8.985783225023406,2
2.915254104972945,5.9910717576369965,-9.99799670671345,10.110519202820049,2
-6.85423877060886,-8.799782749473604,-8.852165502730248,6.633795141434529,1
-2.399802828447857,9.740052752097014,5.120888067964815,2.1970537082198636,0
-1.5901211400649817,8.72401158400967,4.907271150300004,2.2948674901367454,0
-5.9972941288278605,-7.332199926109027,-9.308369904395512,7.5894011451507515,1
-2.2598139393419947,10.591739407961796,4.544583303841149,2.2521912097110715,0
-1.639129892363996,9.509968016170927,4.790297741371678,2.3381306864069575,0
-7.012260937533844,-7.854638897946588,-7.731247087349038,7.203141751545105,1
-7.757609777907831,-7.706989947315806,-9.064806648537537,7.690888422314881,1
2.5137296875843753,4.731211913119556,-9.392828382530661,9.29935184200058,2
-6.327327253471747,-6.254478659629946,-9.535099575065585,7.90554948258343,1
-6.907142096201906,-5.107857996606203,-7.17706854208814,6.866426658912431,1
2.2173252188923023,3.4031694870333187,-10.718925449021476,10.020908267140154,2
-8.410734693706992,-6.365854837258111,-8.266270314921867,7.261331898499392,1
0.879280922790447,4.981609742676393,-9.65299871911647,9.471071141255402,2
2.09549722586587,4.011208567122649,-8.396602616976885,9.314479083390674,2
0.19061798765814952,3.1101416442815646,-8.090878430904326,11.25589938677762,2
-2.4534727107640557,10.10847764666927,2.9474142065132822,3.502720003401346,0
2.4014533535902998,5.3916737315716965,-10.185284400805024,7.007892675770448,2
-5.7535769403791015,-6.931503316864433,-10.611360224842892,8.585444416212695,1
-7.443874789808659,-6.6955582900789095,-7.296217804068135,9.329615803657827,1
-2.166472276675046,9.471039347352106,5.209646116460306,2.4208782439580467,0
2.218431693888083,3.2573832661849087,-11.137270639137427,9.656173024461067,2
-2.7481456699191598,8.106722466156723,4.063107505659769,2.728560909766488,0
-1.0580540152577085,9.973556954283529,6.793061293739658,1.2058221210526825,0
-6.777770895889283,-5.331089441780759,-10.077434832289912,5.855997649746263,1
2.52788947670005,5.650564664249199,-7.316860368661155,8.993799620055924,2
0.9514478161797368,6.072870643060632,-10.868765685086418,9.587676864460967,2
-2.015167436770011,9.274959894022228,4.089573682382682,1.3015463160026806,0
-3.2683302846064484,9.16467991467453,4.981634812005261,3.8493405231566182,0
-2.9768988243646417,9.360790009929037,4.592958257348918,2.4502105111638537,0
2.4664985621548476,5.262774513656671,-9.121764802633825,10.744422799442635,2
-5.3661774479091395,-6.249297908721169,-9.862514580965215,9.177615481832891,1
-7.529000229472696,-5.558805561002934,-7.418724752122373,6.723099349759998,1
0.5555150442484986,3.660049409035272,-8.612997655605973,9.913825131683842,2
2.5788533593979337,2.8259699868210175,-9.102273824666314,7.850893054301521,2
-5.130043286945849,-5.49865551458546,-10.130590451741629,8.013230720743898,1
-1.5453185062578405,11.224809129789673,4.082387051220268,0.6033667043616542,0
-6.571576651647168,-7.271758160697738,-8.569200815390904,6.980330640001292,1
-2.030217797306358,9.347948233485269,5.677418780486001,1.463153285085985,0
-4.8839597013673055,-3.770191037270586,-8.231604697499828,7.140326296778316,1
-1.7982376548492587,9.458549439684361,4.278912670409022,3.13249948730498,0
-1.9591455240281983,8.045941673334687,4.745254342374062,0.6391441890225276,0
-6.797187438216767,-8.337661092740877,-9.147536833685873,6.57136650990812,1
-8.858927001527057,-6.132199337158413,-9.911070782375816,7.5627697796098525,1
-5.827679573428352,-7.878170220590359,-9.222299028588361,7.5737231217503975,1
-4.534340209710358,9.20074044296775,3.9780923714597134,2.825603018736956,0
2.447790168104406,5.3586984795661365,-10.959983811314418,8.68875604081234,2
2.20613475118668,6.854485219901406,-9.238510089516044,8.394142446397876,2
-2.151410262704467,9.575070654566556,5.722930079403378,3.0269717359756347,0
-1.9223405292524798,11.2047417540083,3.649342511097413,1.40687195433796,0
-2.980235928671073,9.246336065555958,3.191794494730777,0.5657059095641768,0
-1.8272446517577863,8.704019371604865,4.964045188716543,1.8430266295730475,0
-5.832309484529822,-5.710519600848173,-9.067718500704038,7.280045965684841,1
-3.2363347988776185,8.766767492646817,4.565445407128055,2.59384178149141,0
-6.586069258984641,-8.236691397899351,-8.371897774202484,7.287881433201219,1
-5.006329414933725,-5.800061527561298,-9.285649652294762,8.604539277233815,1
-2.0082804354283694,8.03673088339977,4.739211141657327,2.724556807312521,0
-8.285944654823105,-6.963215165904641,-10.343048130667013,8.083578879188305,1
-7.128318317334817,-5.272764017255954,-8.347352804997758,8.058400701548521,1
1.415796846648436,4.617355751091612,-10.047400424302943,8.703596674076742,2
-6.679057993920328,-5.731472243847231,-9.854149575614407,7.3852027653466745,1
-9.031442592480575,-7.599262912518367,-9.049457995463705,6.336343388347519,1
-0.9436735938184098,8.948535867125333,4.084679309534903,3.854326753381322,0
-3.110565267003964,9.334068062340858,3.0468851026964323,2.413644421901131,0
2.2512966273235158,2.3035501045226217,-8.985062613512557,9.696355509230411,2
-2.9811294888421838,10.103236725165688,4.7041588553235645,0.8954249060114259,0
-1.9726877794823467,8.115818146407284,4.66805999359723,1.9640506872965284,0
3.2976909728631902,4.0097371223436795,-9.054950869378501,10.23766554775829,2
-6.403269421795051,-6.374639434109319,-7.77811784913713,10.08318295440978,1
-6.885223209980317,-6.211367937683434,-9.930028632775326,6.936423213024302,1
-4.024388685251303,10.381160395642846,6.2848465497293855,1.7241336443843536,0
-6.5476468605822555,-6.68960991349688,-8.128875939496972,6.88803654492886,1
-2.5226948477906843,7.956575199242421,5.4624237483312905,0.7523260339697098,0
2.7283791486793074,3.9187702791088754,-10.614679321749843,10.628197615959037,2
3.384863087576628,5.802066119409196,-6.436253379571866,8.274703010000287,2
-2.728869510890262,9.371398699710069,6.117772880969618,1.4548994656670846,0
-7.441795217729572,-7.089331467020474,-10.521765948856961,6.5176528490025145,1
1.8819251759588391,4.469064224110105,-10.112877127851002,10.75039972210703,2
-0.38704142604011693,10.046751388749469,3.120508870274088,1.4889356110744807,0
-2.9293844401486075,8.732501519337815,3.295428325193824,1.0545177374565338,0
3.058387885910432,2.738476630659236,-10.558434374463594,9.000639277748165,2
-2.7326604083786012,9.728286622290414,5.113116460801646,1.9003407712838591,0
2.0294787017721174,2.074973897549824,-9.427820490110472,11.610728082637127,2
-6.580874282785584,-7.6319006433711305,-9.264685352841553,8.471968624695458,1
-3.12260028659369,8.711816441710193,4.251702017686872,2.1435859063162197,0
-3.189222344631241,9.246539825359324,4.932951309526783,1.258818265914364,0
-2.327331367994255,9.262506714498658,4.180517936687857,1.1233253144759403,0
-3.2220434057299148,9.120716355890218,4.3849016188072465,3.477162672523421,0
-7.108227106491289,-7.8744589678844585,-11.40066141543132,7.132495152898534,1
2.8044302363956346,3.3705521742533557,-10.36816306030559,10.480181852489828,2
2.662843169938949,4.28452975757709,-9.701438166599692,8.098980679794062,2
2.2246290312869776,5.793308455010018,-10.321343109607941,11.21625896579771,2
-3.3314180186191815,9.257973339690233,4.884845407336824,1.4662265085696022,0
-2.730161796882414,9.041171967192852,4.848261644175654,-0.06856518448355864,0
0.902754106481007,3.76792169995118,-9.409615397273475,10.627411827536937,2
-5.582632644590161,-6.902977655574829,-9.83762998893092,6.818747994270486,1
-1.883530275287744,8.157128571782039,3.5689863381669893,2.455642099183917,0
3.9264368244371823,5.787410471282972,-7.369529880635817,9.239151832839834,2
-5.914775558053813,-5.2645267697277145,-10.072676628515932,6.731058656345809,1
-2.2754117112620023,7.4583904819946945,4.970759068442558,2.8066986455496568,0
1.466753455377309,4.365840587523886,-10.79045964016004,9.002516331483623,2
-5.858243895721872,-4.7916668204060215,-10.424311068873969,5.443598530359658,1
-7.144142032461881,-8.8839719576827,-8.202909726426784,6.084264520645231,1
-0.5444724901363609,9.04954968017005,3.9401533282355157,2.187149594674954,0
-6.157245833323499,-7.252942745367713,-7.111363905402605,6.923886729884101,1
-2.3062746022014506,7.49854201320109,6.187384037558163,3.7690473570362535,0
3.5851890033723732,3.8874584740916047,-9.83169409345897,9.098358846965006,2
2.7012472226264084,3.349049206983489,-9.637339454921987,9.237836962195056,2
-7.667410943059509,-7.500957191527062,-9.0064715752208,6.851432337801576,1
-7.013935932621818,-6.069301320116164,-8.044839036083797,5.574990942260523,1
-5.267406562895846,-5.983270277410415,-9.106858404541843,6.432330690083416,1
-7.9910851480883025,-6.633604814843942,-8.340106008139225,8.46367195401997,1
2.88393635936212,4.3005119545743264,-11.165306596274949,8.595372599289044,2
2.4889712168302567,5.682457783080289,-10.537226634908789,11.145560241155444,2
1.6093024127207416,3.234753247073598,-9.619749284458727,8.549768409049072,2
-3.515215004552452,7.80009751541059,5.797989709728169,2.7648323779036676,0
-6.182672786640534,-7.213929083031957,-7.6652031190493695,7.693165107696797,1
-7.251833967222323,-5.791360973571761,-6.9537414507014015,8.866766443770892,1
2.6518298190859864,3.3571357962609163,-8.692954683321352,8.766619314074555,2
1.8467362893649601,4.8301063606788155,-9.490242574545006,10.6940688251029,2
2.8690710100806696,2.0342241355694135,-9.68740441432522,8.795376387455924,2
-1.9941499367467022,12.867017618853042,5.210769346921269,3.108735324121331,0
-5.262414616182646,-6.775753655752734,-9.737111804959138,5.993209289759713,1
-3.619773468518579,10.766556571621944,5.575557229375563,3.2447247789348905,0
-7.013644357824187,-6.86542139854675,-9.62322606971825,7.971803349342562,1
-1.8664748631852062,10.343438658330752,4.836400005929572,2.6821734415292444,0
-6.556459476966489,-7.027712179574615,-9.304364258504252,5.7288198482319075,1
-2.756375005573347,8.332301880200523,3.638258826333186,1.692069391054777,0
-7.316013081677839,-6.989719397201777,-8.926690715841346,6.953511885616575,1
3.1049912887512487,3.6903269041030304,-9.681946302823121,10.723993690782077,2
2.454563185498331,4.631495743289111,-10.295936008905977,8.686023179063842,2
-1.5709138170767525,8.498241399980948,4.735999613169085,1.5108943952356895,0
-3.3017183614854506,8.899549686731422,5.144866115208559,2.8389248781108534,0
-7.933309610297624,-7.9479125148551395,-7.888020164662435,9.034136288080628,1
-2.5752774217000667,7.803269928435865,3.9880427284259423,2.020568355257146,0
-2.0957627198290494,10.891081940756388,3.8660896371245284,0.728514980629315,0
-2.3293034718992716,10.40628841454292,5.5581954422304145,0.402669080317555,0
-6.56045268073209,-5.539659147252802,-10.713500226281756,7.43854899464612,1
-7.068747581928304,-5.958459481351487,-8.965876877013544,8.83467784574605,1
1.7863302476532041,4.905637266235943,-9.16676403054739,9.665015439535289,2
-3.7313254319446956,9.727284558370709,4.399553438069966,1.5983488763911344,0
2.408623552675736,3.956980334934787,-7.8328344157684615,10.971216768454742,2
2.303309485145982,2.0288559297660727,-8.57567270443988,9.240043198867566,2
2.6877170585559544,6.1026689923846575,-10.46663319126369,9.02018914422167,2
2.1140527193125487,4.413691952347587,-9.70453915720591,9.612910226410412,2
-2.851885217133099,8.64284526220253,3.23236714151028,1.1953529963498566,0
-7.3558480646959294,-6.005720412563219,-8.575766427634086,7.5171128268662475,1
1.7423069329896959,2.8824208197011227,-9.073015792459483,8.563915233205261,2
-2.3956802778015023,9.676416802719368,6.225895652373453,0.735354185113883,0
-6.793734184857939,-9.099409966023481,-9.068127387211204,6.472116481238389,1
0.6727240233126435,3.7462377880156374,-9.554282703011719,9.509569645079939,2
2.1008772645833256,2.032717461506097,-9.130141999295253,8.41847581852308,2
2.5851810950385303,3.2816372024188545,-7.60124900238451,8.86722614542792,2
-2.5439093927579934,7.845608090578789,5.782701650743122,2.7251027166275064,0
-3.513338389804818,8.246488563094193,4.60519394884132,2.207384416477253,0
-6.9840764096887415,-7.048931316465957,-8.768275593522828,8.485401218106894,1
-6.366521392975187,-7.139656270859864,-8.099517275748507,7.938890399511757,1
2.4227816213705045,4.292516742136757,-9.665753574809944,8.20290327964064,2
-6.469808534222757,-7.121367247894489,-8.165754055433279,9.22340485039392,1
1.9278415204221728,4.581061527945027,-10.452193074673717,10.677661974897637,2
2.306051258525677,3.17357821502016,-10.435161080209316,10.647815948536552,2
1.1605971646079176,4.191483035084991,-11.740693658693132,10.274652688742822,2
-5.903810471806561,-5.961655149333533,-10.084045133082395,7.378457026498552,1
-1.2422864738661274,8.306616662579541,5.08369826437433,2.7478037373700688,0
-7.702047123533471,-5.759078925951475,-8.838120691717814,7.314222594360089,1
-6.688991599886246,-5.938799012508463,-9.87085166016355,7.721449965445512,1
0.6337576810329646,2.561180451417199,-10.80559280630443,9.557659550044015,2
-6.461228970262586,-5.478511000329517,-8.18787766409987,5.820442613738885,1
1.9683953858584364,3.1791479755435943,-8.46645225785348,11.718237765257145,2
1.8723595157850663,2.7282997413961967,-10.112972521150754,9.891851890883038,2
-8.058666982311072,-5.692430204814383,-9.302945053934403,7.524682571371542,1
-7.382601961702613,-6.616622377944887,-8.544103627622517,7.0891151151823815,1
-3.1219863135371364,8.626584568262338,4.9257442269530065,2.307626473927757,0
-2.5733359696457425,9.343048538501803,4.961236051678375,2.395090438176017,0
-1.0435488541311961,8.788509827711787,4.707407040916025,0.5484214977272752,0
-7.70721741179999,-6.793965710229572,-9.910466768621617,4.402172432004096,1
-6.2574200471078685,-8.018942711056717,-7.799215969215742,7.247758628963243,1
2.922698823259239,4.612676875239417,-8.404816447194023,8.220156175863504,2
2.4670740426957702,3.335797873118767,-9.438946631812762,9.762337339294547,2
-6.846830195739684,-7.638604927976016,-9.068728470841778,6.399289771230399,1
4.0138535370689095,3.329390251071052,-10.13842539702049,9.251171619809035,2
3.064024898923027,4.744995858932796,-9.717827360947393,9.978054328535018,2
-7.06252363225611,-5.505233174127762,-9.484291935760545,6.52433090884845,1
2.6478082516952113,5.0466830389099,-10.180666069736004,9.521744739195467,2
2.518499422227492,3.62613484335325,-9.07681053872209,11.333351083300116,2
-7.596449511754075,-8.746646210349006,-8.92100844247871,7.201775407115419,1
1.6871624536927239,4.50378939041053,-8.034149693369177,10.25217301979211,2
4.037575345324816,5.452096016843456,-9.985505430229939,8.29592730278403,2
-2.597479671404005,11.59399546585264,3.8362042682583706,3.6122864893847995,0
2.7974557288989588,4.714491641773267,-9.354285659730802,9.149668425165437,2
-2.3889019913408513,9.52872496225707,5.351493714316991,0.8485275921028628,0
-2.9436938504850656,8.705114004729682,4.862012607861814,1.4944210622772547,0
-1.8638216734676027,10.38291768573067,3.674955375647997,2.6592211439391713,0
-6.2002539081947665,-8.028903628434602,-8.172015255726798,7.786114208352655,1
-2.2282057553177177,8.391586608377727,4.4317565858708265,1.4801687492818991,0
-9.091489102480777,-5.346675891979621,-10.262284909086155,7.056870586264289,1
-3.0489573033621116,8.235981402796009,4.835724091325783,0.9947969063257,0
-6.008329893694026,-8.226089273522696,-8.711948177089598,9.262451914556987,1
1.307619557873744,4.682731460934724,-9.266631572707452,9.566256849206706,2
-2.530099217016898,9.131613511507103,5.917543732016526,1.3815982951049022,0
-7.508890584844059,-5.346381883359447,-9.374129219688308,5.616164957905756,1
-7.344031453460658,-6.41804870002405,-8.054937247353415,7.071984029454208,1
-7.0005753397590516,-6.460577149368919,-9.72581993443811,6.886064615175293,1
-7.460150640955993,-6.291531188855337,-7.1684232522846045,7.718194445321684,1
-7.110493564996039,-5.426848929954913,-10.17693355635926,8.016441538530314,1
-6.010471126761997,-5.992818756009204,-9.601613860814592,7.361460750946305,1
0.6265110326716905,4.752800797679309,-10.31230044582656,9.202806692062863,2
-7.3449376479313235,-6.986057947580083,-6.193984409618976,5.82055258710355,1
-2.237618785857377,7.737537552378012,3.558822295819839,3.0263225372736358,0
-4.103625281847117,8.414911105244549,4.645122535946284,2.020150277705474,0
-4.502933265624206,9.388342698045893,5.867547828701394,0.7635286652495266,0
-2.8067611264127423,10.389992941509941,4.489823249195575,2.0987461374122742,0
2.896817308996698,3.5116863290726417,-10.791510969473096,8.356152630996784,2
0.04681246364703817,4.912551010428219,-11.653393160340272,9.426654624423044,2
-6.503217665053754,-7.782161147633457,-9.707990837910705,8.448957699913473,1
-7.332875600174283,-5.427642058805201,-8.51158299203369,7.623997275109532,1
1.1588066298992417,4.130248066981825,-9.570293242039504,9.870827389083292,2
-6.822614066254186,-6.61151731441269,-7.309859330223478,7.831358671788327,1
-1.8956796503223337,7.991493562999916,4.382502298804757,0.30458561006314255,0
-6.019153702791525,-7.463187031844885,-9.005449470422421,7.606102865987003,1
-8.002171997395685,-7.79761241429021,-7.820666289792507,7.595018226324351,1
-2.460337552727046,9.054877819402204,3.9378871484213462,1.3102687663897838,0
-6.855407734478512,-5.467889037860518,-8.917969147881726,7.775894711748437,1
2.6253949198130093,3.310916277173865,-7.10312019740506,9.662972354217866,2
2.7790889148511577,4.773920349934511,-10.604993242660449,9.154116569565685,2
-8.246505889566691,-7.10487499516863,-10.00844078269537,5.5215424779186835,1
1.8579650289787843,4.373544908995084,-10.581668813665901,8.382318216249908,2
-2.31013792747928,8.414069251039527,4.70968092121812,1.5878560870789717,0
3.718023112675041,6.0587402506940204,-9.431616385837426,10.42172768742523,2
-3.084835449290524,9.136295942843683,7.199963374496896,1.8771097842160822,0
-2.170701215558336,8.59899821429752,5.272660702334386,4.243862541745128,0
-4.452910704805747,-6.44714976791525,-10.215945257390247,6.758748911327761,1
2.7177027094144743,3.020443046168171,-9.699818941226894,8.593230562387324,2
-5.910169990624533,-6.452915231404262,-9.484555066479814,9.098833808108216,1
-7.785359492013889,-7.533875931924767,-9.433989050679502,8.69796100866952,1
0.017734802820871476,8.483417355278,4.150439393709879,3.0173305610098042,0
2.4582756243642216,1.6292054707012236,-8.90624062402132,9.524374946901853,2
-3.760737047243194,10.45805073227158,4.557727657835533,3.0904655155288596,0
-7.5211087863742225,-6.448187048602006,-8.037918231408328,8.077814245312277,1
-1.9185427923604408,10.12298970878123,5.460361017425465,2.48044371504803,0
-7.971561091546583,-5.989862092439438,-8.66648841684248,7.876774135483487,1
-6.596339319605128,-7.139014566980024,-8.251633955160736,6.8486192588761785,1
-2.2516472323299856,8.939840212432154,2.72110762092906,1.946655808491515,0
-7.4291843270598505,-6.020521706296145,-9.225458406425524,7.278111697566465,1
-2.1655793334842888,7.251245972835587,4.963962805622897,1.5880874035244155,0
-6.649556431959868,-6.382366504184552,-8.172403504581549,7.745109526113159,1
2.239075798626805,3.064149028288065,-10.177176940822648,8.560934612190186,2
2.8630347169937247,4.369254063274222,-10.880935461236213,8.866028480112696,2
3.2453833019595004,3.902597155551077,-9.235805145727072,8.827845676826206,2
0.7351366662799257,2.7643333708079174,-10.171909440429957,10.436575894259203,2
-2.273583064944184,9.785151322085289,3.1612925904482596,3.116923727147661,0
1.8432069498480195,4.557271337016832,-8.89545435826614,10.132834588699216,2
-7.924436385172304,-8.846466182651948,-6.782120626695688,6.2203145497770205,1
-6.039007164646717,-6.333376025074568,-9.077259855805705,6.956698503684016,1
-1.5458214938084285,9.42706705513482,5.4619389962225915,3.869962666594679,0
1.2926977650567661,4.522868873194012,-10.881451657842598,9.970587354415562,2
0.6554418715833492,4.754018829768239,-12.292701745686726,8.768312490876076,2
2.7369100255007934,2.111510277343431,-8.429236049128054,9.061942304558814,2
-6.638874011662701,-4.278426479095552,-8.272818111004467,5.562760156342885,1
-6.469864395191773,-7.741197503449517,-7.43495778651082,8.021426188037731,1
-2.3949699743907105,9.164587889660199,4.276266624014245,1.9162240602196645,0
-8.075510253186454,-6.435506925055806,-7.6416962699903594,6.713740011179321,1
1.7661204823687955,3.91995411005013,-9.65007431394408,9.87763856132595,2
-1.7875255590095152,7.885234356981092,4.115358569948327,2.46254424516865,0
3.1282006592214846,3.5975040678626655,-10.404527358625916,9.476340106209534,2
0.46080701242231625,5.664871384349908,-9.9184302080504,9.186530061308709,2
-2.44472320824263,7.03881956184445,3.700543442409347,1.8290821282191165,0
-7.008164702590201,-8.761958638773585,-9.387052664376972,7.416367816639818,1
-6.7909696001898325,-6.682793885870351,-9.455979652070361,7.007450059471654,1
-6.443067386993603,-5.976174752189752,-11.201260192177848,6.313792210788765,1
2.9738500054382184,3.1402890983606087,-9.114838215048723,9.130555952341092,2
4.206396968244632,4.731958764275425,-10.168958416637903,8.786811795851257,2
-2.452547698155643,9.543978882555052,4.56938005816901,2.4596713277669338,0
-2.015879722171861,9.199122251893195,3.7815210560468877,2.6734795633497233,0
-1.9863621350172505,8.440586124259742,4.615524243967118,4.115440042552596,0
-4.287917871957029,10.510330439687504,5.294244492582159,1.917585013030277,0
-2.147561598005116,8.369166373593197,5.001274441736515,3.511206250406701,0
-3.0264860731531225,10.423633568383902,6.938776959847352,1.6103311235010729,0
1.6224011727330385,4.430746308501643,-9.633203144206488,9.5806980738391,2
-0.8954863539941031,9.467820429712301,4.395722200937453,2.937256852229089,0
-7.893523143443808,-6.794422431872587,-9.763752382695598,7.57890667117302,1
2.972316063533821,4.404456277975308,-11.121010673973881,9.201916391851949,2
-6.25805530129522,-7.24971992931958,-8.461227362733824,7.294260101813725,1
-7.908998699333342,-8.23277987911948,-10.360686942853901,8.436211290488629,1
-7.843386117361881,-7.837260508170989,-8.494539875086124,7.274870563928252,1
2.371950282163869,2.5966487845588535,-9.492965914642642,9.134748827157637,2
-0.8805820774814583,7.63418466998343,2.936496396872947,1.9176219850441132,0
1.048921396837141,5.168584892394069,-9.252165151057723,9.170720783286479,2
-7.248904330397473,-6.736721125933696,-10.614562989534331,7.732175726979374,1
-0.7816544529520388,9.450609797872353,4.677882314396301,2.0932010106589933,0
-1.8109743094391604,9.407771513620071,5.535072056255833,2.6083414856227014,0
2.5954280481053758,2.3755850639867977,-9.947939786536413,9.699304382431627,2
2.2466398916422583,5.065469110682224,-9.8857923149578,10.710180781813833,2
-6.196298198340201,-7.089423412855308,-7.765349708869999,9.687395410118064,1
-1.8190536313416377,8.613065656312486,4.8639713180385185,1.9857620847225268,0
-0.8252699315948815,8.555401865329381,5.718559669659397,1.9346612144400248,0
4.303952071403018,3.5438098789872123,-11.12335036161631,7.518187009332122,2
-6.894937040324265,-6.300818093674859,-8.718747388221857,6.350453974617148,1
-3.348415146275389,8.705073752347108,4.971142267631666,2.948714811063091,0
-2.1009448673382782,7.311702523960481,5.6690344735537455,2.4457671663537752,0
-5.562512123811405,-6.998178120267025,-10.960182655644605,6.715700928404271,1
-7.942020719298149,-6.451802496068298,-9.025472021640558,8.309252911178566,1
-3.053580347577933,9.125208717908187,3.488885258805799,2.348867702286404,0
-3.494923669388294,9.518332643716166,4.10962121785566,1.1802968516783878,0
1.759640714548008,3.8250646105097728,-8.628005317802481,9.86068066730674,2
0.9249319158931091,2.6845266283890075,-10.327681521542987,10.59009637765346,2
0.6494407833831117,4.512931456273111,-11.566535363458762,9.445131945300256,2
1.39456632877967,3.8734126819988326,-8.169778768935915,6.910388386704806,2
-7.308871611449932,-6.291556323505227,-10.436452108519758,7.785695581580646,1
0.7051683149175907,4.9374794697643845,-10.590527133010676,8.64576180588685,2
-1.3079837008888053,8.60621075517677,2.6017543010502475,0.9650833730233279,0
0.6564760794487368,4.012482246153612,-9.085525687188756,11.19455786616685,2
-0.725204607861059,3.6617213797692783,-10.114557970601371,10.786534821448335,2
-3.1584751681187573,7.790345861436065,4.673962304487327,1.2031964528820902,0
-1.459644907733415,8.479050916637753,5.957272901862427,2.1707692886331316,0
-1.4036716900947663,10.201316433758702,5.278609058257286,0.8301647712102485,0
-1.4010148063152337,7.97438020107279,5.252652741290671,0.9197541207670759,0
1.8946455533459856,3.600843919073599,-12.517758804086219,11.45116906774155,2
0.2016969343156585,4.431508914312331,-11.500565089503727,9.329562997154417,2
-2.342745414839694,9.506737392206471,4.929047480135919,4.428469823851627,0
3.2150354002805903,2.903583400012021,-8.85692986150896,9.988619104491349,2
-2.5862993324668544,9.355438103014965,4.916569635558121,2.8003529329767556,0
2.701231524923454,4.024456066478451,-10.107706485910077,9.057289165893806,2
-6.068230636659678,-8.028372882028565,-8.01955011288115,8.861454833911257,1
3.029744208059374,2.9065288879186166,-9.403599639302868,10.336112580750541,2
-8.069039084018598,-5.237436640019983,-9.738948491283878,7.961914841107086,1
-2.740132153261428,9.71049249301174,6.488834931173447,3.0997347134884894,0
-3.0828596299329867,8.467427186957929,4.607125566012103,1.429744912806967,0
-3.0268089220889216,9.23807407983722,4.623455940155349,3.161562957388816,0
-3.1207154260446983,7.607625031350099,3.716645590117197,0.6214850783243984,0
-2.3314966221194964,7.678941769488221,5.020076687234065,2.583755429224555,0
-2.2194227661563373,11.089686926843761,5.511003539659794,1.647146151772891,0
-3.0541167098616997,9.413422242550393,4.602244133803253,3.0764715659572532,0
-6.690045574552527,-5.8790635007088055,-11.541560049635248,8.00139823502961,1
2.608204436028825,3.424681419973287,-11.003577306008138,9.616731085650832,2
0.4794987196545297,3.52869652603587,-8.991868976502198,8.763911195550483,2
-2.888325364040237,8.81070576809596,4.058197922279458,0.9584129532478651,0
2.437165735226086,4.624740086039015,-9.544795445440485,9.956336557758393,2
-7.199474714406114,-6.728351601027207,-9.673470658266034,9.413061637193476,1
1.1903453173697245,3.523168829392415,-10.403685742400071,8.331962111340662,2
-6.180798770948735,-6.459136648886557,-8.346308908643211,6.797488072831123,1
-2.52771075904514,8.725627489278184,4.962597396566191,1.145938740388409,0
2.2475643521117252,4.854174311037768,-10.85764061063065,11.100711701369491,2
-7.372750013551042,-5.436477589807133,-10.094834650915267,8.13672810224668,1
-5.996517414004111,-6.957946790288749,-9.018807670226636,10.516630483343564,1
1.6797510340064106,4.33191532691748,-10.551042679368564,9.19158576354384,2
1.9188690105738917,2.9223988533942666,-7.492466612274792,10.992639434989083,2
-7.806980325341844,-6.641740610541161,-7.863130126853581,7.824617085438549,1
0.3656770271864018,3.637003419658257,-10.323613574765904,10.11967636699723,2
-5.989428780026484,-5.844860258552194,-10.684515618874105,6.394012055306293,1
-1.8637134419116748,11.177540851503782,4.3321006012751,2.192320011604671,0
-1.4355658731929781,7.987770828787261,4.772848510374978,1.273048869001559,0
3.0178817488662055,5.864624165838947,-11.226339171519967,7.611821577885199,2
1.5564946657460128,4.010613844354213,-9.662257679692344,8.946537567080263,2
-6.857161298339224,-6.3329904781007365,-10.019140571944856,8.437844610167575,1
-3.734963286055091,7.5499112479885016,4.864330654788073,3.0202679865528865,0
-3.341553196156979,9.485701684584726,4.08765579194713,2.6061015016962426,0
-5.008603337926323,11.305228700789064,3.2503063694645054,0.3277709369838402,0
1.9348649060869945,4.709771183475407,-8.638715542719464,9.338781861967393,2
-6.710972519184542,-6.438168943706538,-9.928726834078857,8.734455295244974,1
-6.34512154267072,-5.99245416740211,-9.158995382193202,9.118734271411025,1
2.2074757716940896,4.586896420105081,-9.366020258283097,10.67706285655328,2
-6.241576089710513,-6.37926511833149,-10.639385490788749,6.780849115764681,1
-7.548699929811186,-5.840204905879871,-9.443943296372874,9.14953262904564,1
4.147071637881137,5.4927906179093124,-7.66794261193969,8.175302023684322,2
-3.9572115234689944,6.81548017157824,5.079893286281433,1.4711154595881208,0
1.2906684959556476,6.0518922410766915,-9.539001782563728,10.167036719208783,2
-2.4636257831489363,8.362685780592505,6.783822925553427,2.607088706258743,0
2.9544917991245603,3.924896268701963,-8.452689966901007,8.291903530828252,2
1.925676564849286,3.7454846279735503,-10.534056174780732,10.006443234924854,2
1.7424898924871695,3.1969137610107174,-9.082344560628085,8.669924840833273,2
-2.6704833347187593,9.41833698501286,6.526064737438632,2.147747496772571,0
3.0007223468922106,4.683594101854845,-10.69197994261432,9.06740781891233,2
0.8920965101902518,6.5731282314993305,-8.071916058830379,10.00031536363237,2
-7.069666226152765,-7.2375550160863735,-9.018719438398419,8.696371390175234,1
2.1257383641722822,6.203527596064653,-9.310951652119275,9.375918064056172,2
-2.338332184924808,8.830302791845643,4.658312769293494,2.320751389302403,0
-3.8136671235576034,9.68395867702836,5.00647708232495,1.0332898976133769,0
-6.186148279237276,-7.272122233195076,-7.778391372589389,7.9405288650754,1
-1.3197271341281096,7.786678313061329,5.237278906077959,2.67434242625163,0
-2.5288354219794313,9.566776082615469,4.863792970292763,3.337310113914576,0
2.253746157389748,4.807941093646679,-9.803977751631583,8.525235952786186,2
1.2223597281622416,2.2534494187976013,-9.981362871145352,10.399828868448447,2
-6.423739419069663,-4.715107248374863,-9.481845987016154,8.251363043579941,1
1.512493541673293,4.19589256762675,-12.07663746749694,8.739948630906039,2
3.1231216332867806,5.222822520794042,-9.056303915262008,9.759858104486902,2
1.1330594066358515,5.116752114158662,-8.712263321554158,10.870867718990867,2
1.1658019974549767,4.259121932669244,-10.852808521038916,7.605090590705309,2
